{"metadata":{"asset_id":"f4bcca5c-c7bd-46e2-9541-46659eb55388","asset_attributes":["data_asset"],"name":"proj.csv","asset_type":"data_asset","created_at":"2020-10-15T06:47:10Z","description":"","origin_country":"us","owner_id":"IBMid-5500091HN3","project_id":"a50836e5-73c1-44ba-8bb9-106b2abd3bf9","size":12703,"tags":[],"usage":{"last_update_time":1602744432492,"last_updated_at":"2020-10-15T06:47:12Z"}},"entity":{"data_asset":{"mime_type":"text/csv","dataset":false}},"attachments":[{"id":"5e3c9fe0-db39-4e1a-967a-97e50bf064d2","version":2,"asset_type":"data_asset","name":"proj.csv","mime":"text/csv","datasource_type":"193a97c1-4475-4a19-b90c-295c4fdc6517","object_key":"proj.csv","creator_id":"IBMid-5500091HN3","create_time":1602744432492,"size":12703,"is_remote":false,"is_managed":false,"is_referenced":true,"is_object_key_read_only":true,"is_user_provided_path_key":true,"transfer_complete":true,"is_partitioned":false,"complete_time_ticks":1602744432492,"user_data":{},"test_doc":0,"handle":{"bucket":"analysisofiotsensordatausingmachi-donotdelete-pr-tjrpymvikpvsmu","location":"eu-geo","key":"proj.csv","upload_id":"done","max_part_num":1},"usage":{"access_count":0,"last_accessor_id":"IBMid-5500091HN3","last_access_time":1602744432492}}]}
