{"metadata":{"asset_id":"0071e028-8e54-4670-b6fc-c10c7e48bc3b","asset_attributes":["wml_model"],"name":"Sensor Data Analysis - P1 RandomForestClassifierEstimator","asset_type":"wml_model","created_at":"2020-10-17T05:26:32Z","description":"","origin_country":"us","owner_id":"IBMid-5500091HN3","project_id":"a50836e5-73c1-44ba-8bb9-106b2abd3bf9","sandbox_id":"a50836e5-73c1-44ba-8bb9-106b2abd3bf9","size":39312,"tags":[],"usage":{"last_update_time":1602912398459,"last_updated_at":"2020-10-17T05:26:38Z"}},"entity":{"wml_model":{"hybrid_pipeline_software_specs":[{"base_id":"d139f196-e04b-5d8b-9140-9a10ca1fa91a","name":"autoai-kb_3.0-py3.6"}],"pipeline":{"id":"dba048d0-9546-4690-a86e-a638c12a0c4d"},"ml_version":"4.0.1","type":"wml-hybrid_0.1","schemas":{"input":[{"fields":[{"name":"temperature","type":"integer"},{"name":"humidity","type":"integer"},{"name":"wind","type":"integer"}],"id":"auto_ai_kb_input_schema"}],"output":[]},"content_location":{"connection":{"access_key_id":"24ea7f23b61d40058a52f66fd39be0cd","endpoint_url":"https://s3.eu-geo.objectstorage.softlayer.net","secret_access_key":"38e2c72cdc13badb04d701ce3944da248f26445c11597fc5","accessKeyId":"24ea7f23b61d40058a52f66fd39be0cd"},"contents":[{"content_format":"pipeline-node","file_name":"P1_automl.zip","location":"auto_ml/b5cde7d1-d8f0-4f77-9347-58a26e492fc0/wml_data/32a934aa-2e35-4f7a-be17-5f8424761cb7/assets/32a934aa-2e35-4f7a-be17-5f8424761cb7_P1_pre_hpo_d_output/resources/wml_model/P1_automl.zip","pipeline_node_id":"automl"},{"content_format":"native","file_name":"pipeline_model.json","location":"auto_ml/b5cde7d1-d8f0-4f77-9347-58a26e492fc0/wml_data/32a934aa-2e35-4f7a-be17-5f8424761cb7/assets/32a934aa-2e35-4f7a-be17-5f8424761cb7_P1_pre_hpo_d_output/resources/wml_model/pipeline_model.json"}],"location":{"path":"auto_ml/b5cde7d1-d8f0-4f77-9347-58a26e492fc0/wml_data","training":"auto_ml/b5cde7d1-d8f0-4f77-9347-58a26e492fc0/wml_data/32a934aa-2e35-4f7a-be17-5f8424761cb7","training_status":"auto_ml/b5cde7d1-d8f0-4f77-9347-58a26e492fc0/wml_data/32a934aa-2e35-4f7a-be17-5f8424761cb7/training-status.json","bucket":"analysisofiotsensordatausingmachi-donotdelete-pr-tjrpymvikpvsmu","type":"s3","assets_path":"auto_ml/b5cde7d1-d8f0-4f77-9347-58a26e492fc0/wml_data/32a934aa-2e35-4f7a-be17-5f8424761cb7/assets"},"type":"s3"},"training_data_references":[{"connection":{"endpoint_url":"https://s3.eu-geo.objectstorage.softlayer.net","auth_endpoint":"https://iam.bluemix.net/oidc/token/","api_key":"emHlndgxLC5HZe_IVpE6Ja4sIBaSMcaJyleVQQbrbssy","secret_access_key":"38e2c72cdc13badb04d701ce3944da248f26445c11597fc5","access_key_id":"24ea7f23b61d40058a52f66fd39be0cd","service_instance_id":"iam-ServiceId-9033ba06-5181-4654-8dbf-aeec8917e31c"},"location":{"bucket":"analysisofiotsensordatausingmachi-donotdelete-pr-tjrpymvikpvsmu","path":"proj.csv","type":"s3"},"type":"s3"}],"software_spec":{"base_id":"8c1a58c6-62b5-4dc4-987a-df751c2756b6","name":"hybrid_0.1"},"content_import_state":"completed"}},"attachments":[{"id":"6374143a-97c0-4435-b4aa-98cacc335d26","version":2,"asset_type":"wml_model","name":"P1_automl.zip","datasource_type":"193a97c1-4475-4a19-b90c-295c4fdc6517","creator_id":"IBMid-5500091HN3","create_time":1602912393504,"size":37802,"is_remote":false,"is_managed":true,"is_referenced":false,"is_object_key_read_only":false,"is_user_provided_path_key":false,"transfer_complete":true,"is_partitioned":false,"complete_time_ticks":1602912395627,"user_data":{"content_format":"pipeline-node","pipeline_node_id":"automl"},"test_doc":0,"handle":{"bucket":"analysisofiotsensordatausingmachi-donotdelete-pr-tjrpymvikpvsmu","location":"eu-geo","type":"bluemix_cos","key":"71872f94-26ca-400e-8866-a5d17205d05c/0071e028-8e54-4670-b6fc-c10c7e48bc3b/6374143a-97c0-4435-b4aa-98cacc335d26","upload_id":"done","max_part_num":1},"usage":{"access_count":0,"last_accessor_id":"IBMid-5500091HN3","last_access_time":1602912393504}},{"id":"b1d13bad-4224-4887-8b1f-0540da61bd30","version":2,"asset_type":"wml_model","name":"pipeline_model.json","datasource_type":"193a97c1-4475-4a19-b90c-295c4fdc6517","creator_id":"IBMid-5500091HN3","create_time":1602912396998,"size":1510,"is_remote":false,"is_managed":true,"is_referenced":false,"is_object_key_read_only":false,"is_user_provided_path_key":false,"transfer_complete":true,"is_partitioned":false,"complete_time_ticks":1602912398206,"user_data":{"content_format":"native"},"test_doc":0,"handle":{"bucket":"analysisofiotsensordatausingmachi-donotdelete-pr-tjrpymvikpvsmu","location":"eu-geo","type":"bluemix_cos","key":"71872f94-26ca-400e-8866-a5d17205d05c/0071e028-8e54-4670-b6fc-c10c7e48bc3b/b1d13bad-4224-4887-8b1f-0540da61bd30","upload_id":"done","max_part_num":1},"usage":{"access_count":0,"last_accessor_id":"IBMid-5500091HN3","last_access_time":1602912396998}}]}
