{"metadata":{"asset_id":"dba048d0-9546-4690-a86e-a638c12a0c4d","asset_attributes":["wml_pipeline"],"name":"Sensor Data Analysis","asset_type":"wml_pipeline","created_at":"2020-10-15T09:46:43Z","description":"","origin_country":"us","owner_id":"IBMid-5500091HN3","project_id":"a50836e5-73c1-44ba-8bb9-106b2abd3bf9","sandbox_id":"a50836e5-73c1-44ba-8bb9-106b2abd3bf9","size":0,"tags":["dsx-project.a50836e5-73c1-44ba-8bb9-106b2abd3bf9"],"usage":{"last_update_time":1602755203371,"last_updated_at":"2020-10-15T09:46:43Z"}},"entity":{"wml_pipeline":{"document":{"doc_type":"pipeline","pipelines":[{"id":"autoai","nodes":[{"id":"automl","op":"kube","parameters":{"input_file_separator":",","optimization":{"compute_pipeline_notebooks_flag":true,"daub_adaptive_subsampling_max_mem_usage":15000000000,"holdout_param":0.15,"label":"Rainfall","learning_type":"classification","max_num_daub_ensembles":1,"positive_label":1,"run_cognito_flag":true,"scorer_for_ranking":"accuracy"},"output_logs":true,"stage_flag":true},"runtime_ref":"autoai","type":"execution_node"}],"runtime_ref":"hybrid"}],"primary_pipeline":"autoai","runtimes":[{"app_data":{"wml_data":{"hardware_spec":{"base_id":"a6c4923b-b8e4-444c-9f43-8a7ec3020110","name":"L"}}},"id":"autoai","name":"auto_ai.kb"}],"version":"2.0"},"ml_version":"4.0.0"}}}
